user_id,visit,signup_start,signup_complete,onboarding,activation,conversion
U0001,1,1,1,0,0,0
U0002,1,0,0,0,0,0
U0003,1,1,1,1,0,0
U0004,1,1,1,0,0,0
U0005,1,1,1,1,1,1
U0006,1,1,1,1,0,0
U0007,1,1,1,1,0,0
U0008,1,0,0,0,0,0
U0009,1,1,1,0,0,0
U0010,1,1,1,0,0,0
U0011,1,1,1,0,0,0
U0012,1,0,0,0,0,0
U0013,1,1,1,1,1,1
U0014,1,1,1,1,0,0
U0015,1,1,1,1,0,0
U0016,1,1,1,1,0,0
U0017,1,1,1,0,0,0
U0018,1,1,1,0,0,0
U0019,1,1,0,0,0,0
U0020,1,1,1,0,0,0
U0021,1,1,1,1,1,0
U0022,1,1,1,1,0,0
U0023,1,1,1,0,0,0
U0024,1,1,1,0,0,0
U0025,1,1,1,0,0,0
U0026,1,1,0,0,0,0
U0027,1,1,1,1,1,1
U0028,1,1,1,0,0,0
U0029,1,1,1,1,0,0
U0030,1,1,0,0,0,0
U0031,1,1,1,0,0,0
U0032,1,1,0,0,0,0
U0033,1,1,1,0,0,0
U0034,1,0,0,0,0,0
U0035,1,0,0,0,0,0
U0036,1,1,0,0,0,0
U0037,1,1,1,1,0,0
U0038,1,1,0,0,0,0
U0039,1,1,1,0,0,0
U0040,1,1,1,0,0,0
U0041,1,1,1,0,0,0
U0042,1,1,1,1,0,0
U0043,1,1,1,1,0,0
U0044,1,0,0,0,0,0
U0045,1,1,1,1,0,0
U0046,1,1,1,1,1,1
U0047,1,1,0,0,0,0
U0048,1,1,1,1,0,0
U0049,1,1,0,0,0,0
U0050,1,1,1,1,0,0
U0051,1,0,0,0,0,0
U0052,1,1,1,1,0,0
U0053,1,0,0,0,0,0
U0054,1,0,0,0,0,0
U0055,1,1,1,1,1,1
U0056,1,0,0,0,0,0
U0057,1,1,1,0,0,0
U0058,1,1,0,0,0,0
U0059,1,1,0,0,0,0
U0060,1,1,1,1,1,0
U0061,1,1,1,1,1,0
U0062,1,1,1,0,0,0
U0063,1,1,1,1,1,1
U0064,1,1,1,1,1,1
U0065,1,1,1,1,1,1
U0066,1,1,1,1,0,0
U0067,1,1,0,0,0,0
U0068,1,1,1,1,1,1
U0069,1,1,1,0,0,0
U0070,1,0,0,0,0,0
U0071,1,1,1,1,1,1
U0072,1,1,1,0,0,0
U0073,1,1,0,0,0,0
U0074,1,1,1,0,0,0
U0075,1,1,0,0,0,0
U0076,1,1,1,0,0,0
U0077,1,1,1,1,1,1
U0078,1,1,1,1,0,0
U0079,1,1,1,0,0,0
U0080,1,1,0,0,0,0
U0081,1,0,0,0,0,0
U0082,1,1,1,1,0,0
U0083,1,1,1,0,0,0
U0084,1,1,1,0,0,0
U0085,1,1,0,0,0,0
U0086,1,1,1,0,0,0
U0087,1,1,1,0,0,0
U0088,1,1,1,0,0,0
U0089,1,0,0,0,0,0
U0090,1,1,1,1,0,0
U0091,1,1,1,0,0,0
U0092,1,1,0,0,0,0
U0093,1,1,1,1,1,0
U0094,1,1,1,1,0,0
U0095,1,1,0,0,0,0
U0096,1,1,1,1,0,0
U0097,1,1,0,0,0,0
U0098,1,1,1,1,0,0
U0099,1,1,1,1,1,0
U0100,1,1,0,0,0,0
U0101,1,1,1,1,1,0
U0102,1,1,1,1,0,0
U0103,1,1,1,0,0,0
U0104,1,1,1,1,0,0
U0105,1,0,0,0,0,0
U0106,1,1,1,0,0,0
U0107,1,1,0,0,0,0
U0108,1,1,1,0,0,0
U0109,1,1,1,1,0,0
U0110,1,1,1,0,0,0
U0111,1,1,1,1,0,0
U0112,1,1,1,0,0,0
U0113,1,0,0,0,0,0
U0114,1,1,1,1,1,0
U0115,1,1,1,1,0,0
U0116,1,0,0,0,0,0
U0117,1,1,1,0,0,0
U0118,1,1,1,1,0,0
U0119,1,0,0,0,0,0
U0120,1,1,0,0,0,0
U0121,1,1,1,0,0,0
U0122,1,0,0,0,0,0
U0123,1,1,1,0,0,0
U0124,1,1,1,1,1,0
U0125,1,1,1,1,1,1
U0126,1,1,1,1,0,0
U0127,1,1,1,1,0,0
U0128,1,0,0,0,0,0
U0129,1,1,1,1,1,0
U0130,1,1,1,0,0,0
U0131,1,1,0,0,0,0
U0132,1,1,0,0,0,0
U0133,1,1,1,1,1,0
U0134,1,1,0,0,0,0
U0135,1,0,0,0,0,0
U0136,1,1,1,1,1,1
U0137,1,1,1,1,0,0
U0138,1,1,1,1,1,1
U0139,1,1,1,1,0,0
U0140,1,0,0,0,0,0
U0141,1,0,0,0,0,0
U0142,1,1,1,1,0,0
U0143,1,1,1,0,0,0
U0144,1,1,0,0,0,0
U0145,1,1,1,0,0,0
U0146,1,1,1,1,1,1
U0147,1,1,1,0,0,0
U0148,1,1,1,0,0,0
U0149,1,1,0,0,0,0
U0150,1,1,0,0,0,0
U0151,1,0,0,0,0,0
U0152,1,1,0,0,0,0
U0153,1,1,1,0,0,0
U0154,1,1,0,0,0,0
U0155,1,0,0,0,0,0
U0156,1,1,1,1,0,0
U0157,1,1,1,1,1,1
U0158,1,1,1,1,1,0
U0159,1,1,1,0,0,0
U0160,1,1,1,1,0,0
U0161,1,1,1,1,0,0
U0162,1,1,1,1,1,1
U0163,1,1,1,1,0,0
U0164,1,1,1,1,0,0
U0165,1,1,0,0,0,0
U0166,1,1,1,0,0,0
U0167,1,1,1,0,0,0
U0168,1,1,1,1,0,0
U0169,1,1,0,0,0,0
U0170,1,1,1,0,0,0
U0171,1,1,1,0,0,0
U0172,1,1,0,0,0,0
U0173,1,1,0,0,0,0
U0174,1,1,1,1,1,1
U0175,1,1,1,1,1,0
U0176,1,1,1,1,0,0
U0177,1,1,0,0,0,0
U0178,1,1,1,1,0,0
U0179,1,0,0,0,0,0
U0180,1,1,0,0,0,0
U0181,1,1,1,1,1,0
U0182,1,1,1,0,0,0
U0183,1,0,0,0,0,0
U0184,1,0,0,0,0,0
U0185,1,1,1,0,0,0
U0186,1,1,1,1,0,0
U0187,1,1,1,0,0,0
U0188,1,1,1,1,0,0
U0189,1,1,0,0,0,0
U0190,1,1,1,1,1,1
U0191,1,1,0,0,0,0
U0192,1,0,0,0,0,0
U0193,1,0,0,0,0,0
U0194,1,1,1,0,0,0
U0195,1,1,1,0,0,0
U0196,1,1,1,1,1,1
U0197,1,1,0,0,0,0
U0198,1,0,0,0,0,0
U0199,1,0,0,0,0,0
U0200,1,1,1,0,0,0
U0201,1,1,0,0,0,0
U0202,1,1,1,1,0,0
U0203,1,1,1,0,0,0
U0204,1,0,0,0,0,0
U0205,1,1,0,0,0,0
U0206,1,1,1,0,0,0
U0207,1,1,1,0,0,0
U0208,1,1,1,1,1,0
U0209,1,1,1,1,1,0
U0210,1,1,1,1,1,0
U0211,1,1,1,0,0,0
U0212,1,1,1,1,1,1
U0213,1,1,1,1,1,1
U0214,1,1,1,0,0,0
U0215,1,1,1,1,0,0
U0216,1,1,1,1,1,0
U0217,1,1,1,1,0,0
U0218,1,1,1,0,0,0
U0219,1,1,1,1,0,0
U0220,1,0,0,0,0,0
U0221,1,1,1,0,0,0
U0222,1,1,1,1,0,0
U0223,1,1,1,1,1,1
U0224,1,1,0,0,0,0
U0225,1,1,1,1,1,1
U0226,1,1,1,1,1,1
U0227,1,0,0,0,0,0
U0228,1,1,1,1,0,0
U0229,1,0,0,0,0,0
U0230,1,1,1,0,0,0
U0231,1,1,1,0,0,0
U0232,1,1,1,0,0,0
U0233,1,1,1,0,0,0
U0234,1,1,1,1,0,0
U0235,1,1,0,0,0,0
U0236,1,1,1,1,0,0
U0237,1,1,0,0,0,0
U0238,1,1,1,0,0,0
U0239,1,1,1,0,0,0
U0240,1,1,1,0,0,0
U0241,1,0,0,0,0,0
U0242,1,0,0,0,0,0
U0243,1,0,0,0,0,0
U0244,1,1,0,0,0,0
U0245,1,1,1,1,1,1
U0246,1,0,0,0,0,0
U0247,1,1,1,0,0,0
U0248,1,0,0,0,0,0
U0249,1,0,0,0,0,0
U0250,1,0,0,0,0,0
U0251,1,1,1,0,0,0
U0252,1,1,1,0,0,0
U0253,1,0,0,0,0,0
U0254,1,1,1,0,0,0
U0255,1,1,1,0,0,0
U0256,1,1,1,1,1,0
U0257,1,0,0,0,0,0
U0258,1,1,1,0,0,0
U0259,1,1,1,1,0,0
U0260,1,1,1,0,0,0
U0261,1,1,1,0,0,0
U0262,1,0,0,0,0,0
U0263,1,1,1,0,0,0
U0264,1,1,1,0,0,0
U0265,1,0,0,0,0,0
U0266,1,1,1,1,1,1
U0267,1,1,1,1,0,0
U0268,1,1,1,1,0,0
U0269,1,1,0,0,0,0
U0270,1,1,1,1,0,0
U0271,1,1,0,0,0,0
U0272,1,1,1,1,0,0
U0273,1,0,0,0,0,0
U0274,1,0,0,0,0,0
U0275,1,1,0,0,0,0
U0276,1,1,1,1,0,0
U0277,1,1,0,0,0,0
U0278,1,1,0,0,0,0
U0279,1,1,1,1,1,1
U0280,1,1,1,0,0,0
U0281,1,0,0,0,0,0
U0282,1,1,1,1,1,1
U0283,1,1,0,0,0,0
U0284,1,1,0,0,0,0
U0285,1,1,1,0,0,0
U0286,1,1,1,1,0,0
U0287,1,1,1,0,0,0
U0288,1,1,1,1,0,0
U0289,1,1,0,0,0,0
U0290,1,1,1,0,0,0
U0291,1,1,1,0,0,0
U0292,1,1,1,0,0,0
U0293,1,1,1,0,0,0
U0294,1,1,1,1,1,1
U0295,1,1,1,0,0,0
U0296,1,1,1,1,1,0
U0297,1,1,1,0,0,0
U0298,1,1,0,0,0,0
U0299,1,1,1,0,0,0
U0300,1,1,1,1,1,1
U0301,1,1,1,1,0,0
U0302,1,1,1,0,0,0
U0303,1,1,1,1,0,0
U0304,1,1,1,1,0,0
U0305,1,1,1,1,1,0
U0306,1,0,0,0,0,0
U0307,1,1,1,1,1,0
U0308,1,1,1,1,0,0
U0309,1,1,0,0,0,0
U0310,1,1,1,1,0,0
U0311,1,1,1,0,0,0
U0312,1,1,1,0,0,0
U0313,1,1,1,1,0,0
U0314,1,0,0,0,0,0
U0315,1,1,1,1,0,0
U0316,1,1,0,0,0,0
U0317,1,1,1,1,1,1
U0318,1,1,1,1,1,1
U0319,1,1,1,0,0,0
U0320,1,1,1,0,0,0
U0321,1,1,1,0,0,0
U0322,1,1,1,1,1,0
U0323,1,1,1,0,0,0
U0324,1,1,0,0,0,0
U0325,1,0,0,0,0,0
U0326,1,1,1,1,0,0
U0327,1,1,1,0,0,0
U0328,1,1,1,1,0,0
U0329,1,1,1,1,1,0
U0330,1,1,1,0,0,0
U0331,1,1,1,1,1,0
U0332,1,1,0,0,0,0
U0333,1,1,1,1,0,0
U0334,1,1,1,0,0,0
U0335,1,1,0,0,0,0
U0336,1,1,1,1,0,0
U0337,1,0,0,0,0,0
U0338,1,1,1,0,0,0
U0339,1,1,1,1,0,0
U0340,1,1,1,0,0,0
U0341,1,1,0,0,0,0
U0342,1,1,1,0,0,0
U0343,1,1,1,1,0,0
U0344,1,1,1,0,0,0
U0345,1,1,1,1,0,0
U0346,1,1,1,1,1,1
U0347,1,1,1,1,1,1
U0348,1,1,0,0,0,0
U0349,1,1,1,1,1,1
U0350,1,1,1,0,0,0
U0351,1,1,1,1,0,0
U0352,1,0,0,0,0,0
U0353,1,1,1,1,0,0
U0354,1,1,1,1,1,1
U0355,1,1,1,0,0,0
U0356,1,1,1,1,0,0
U0357,1,1,1,1,0,0
U0358,1,1,1,1,1,1
U0359,1,0,0,0,0,0
U0360,1,1,1,1,1,1
U0361,1,1,1,0,0,0
U0362,1,1,1,0,0,0
U0363,1,1,0,0,0,0
U0364,1,1,0,0,0,0
U0365,1,0,0,0,0,0
U0366,1,1,0,0,0,0
U0367,1,0,0,0,0,0
U0368,1,0,0,0,0,0
U0369,1,1,1,1,0,0
U0370,1,1,1,0,0,0
U0371,1,1,1,0,0,0
U0372,1,1,0,0,0,0
U0373,1,1,1,1,1,1
U0374,1,1,1,0,0,0
U0375,1,1,1,0,0,0
U0376,1,1,1,0,0,0
U0377,1,0,0,0,0,0
U0378,1,1,1,1,0,0
U0379,1,1,1,0,0,0
U0380,1,1,0,0,0,0
U0381,1,1,1,1,0,0
U0382,1,1,1,1,0,0
U0383,1,1,1,0,0,0
U0384,1,0,0,0,0,0
U0385,1,1,1,0,0,0
U0386,1,1,1,0,0,0
U0387,1,1,0,0,0,0
U0388,1,1,1,1,1,0
U0389,1,1,0,0,0,0
U0390,1,1,0,0,0,0
U0391,1,0,0,0,0,0
U0392,1,1,0,0,0,0
U0393,1,1,1,0,0,0
U0394,1,1,0,0,0,0
U0395,1,1,1,1,1,0
U0396,1,0,0,0,0,0
U0397,1,0,0,0,0,0
U0398,1,1,0,0,0,0
U0399,1,1,1,0,0,0
U0400,1,1,1,0,0,0
U0401,1,1,1,0,0,0
U0402,1,0,0,0,0,0
U0403,1,1,1,0,0,0
U0404,1,1,1,0,0,0
U0405,1,1,1,0,0,0
U0406,1,0,0,0,0,0
U0407,1,1,1,1,0,0
U0408,1,1,0,0,0,0
U0409,1,0,0,0,0,0
U0410,1,1,0,0,0,0
U0411,1,1,0,0,0,0
U0412,1,0,0,0,0,0
U0413,1,0,0,0,0,0
U0414,1,1,1,0,0,0
U0415,1,1,1,0,0,0
U0416,1,1,1,0,0,0
U0417,1,1,1,0,0,0
U0418,1,1,1,1,1,0
U0419,1,1,1,1,0,0
U0420,1,1,1,1,0,0
U0421,1,1,1,0,0,0
U0422,1,1,1,0,0,0
U0423,1,1,0,0,0,0
U0424,1,1,1,1,0,0
U0425,1,1,0,0,0,0
U0426,1,1,1,1,0,0
U0427,1,1,1,0,0,0
U0428,1,0,0,0,0,0
U0429,1,1,1,1,1,0
U0430,1,1,1,1,0,0
U0431,1,1,1,0,0,0
U0432,1,1,1,0,0,0
U0433,1,1,1,1,0,0
U0434,1,1,1,0,0,0
U0435,1,1,1,1,0,0
U0436,1,1,1,1,0,0
U0437,1,1,1,0,0,0
U0438,1,1,1,0,0,0
U0439,1,1,1,1,1,0
U0440,1,1,0,0,0,0
U0441,1,1,1,0,0,0
U0442,1,0,0,0,0,0
U0443,1,1,0,0,0,0
U0444,1,1,1,0,0,0
U0445,1,1,1,1,0,0
U0446,1,0,0,0,0,0
U0447,1,0,0,0,0,0
U0448,1,1,1,0,0,0
U0449,1,1,1,0,0,0
U0450,1,1,1,0,0,0
U0451,1,1,1,1,0,0
U0452,1,1,0,0,0,0
U0453,1,1,0,0,0,0
U0454,1,0,0,0,0,0
U0455,1,1,1,0,0,0
U0456,1,1,1,1,0,0
U0457,1,1,1,0,0,0
U0458,1,1,1,1,1,0
U0459,1,1,1,1,1,1
U0460,1,1,0,0,0,0
U0461,1,1,1,1,0,0
U0462,1,1,1,1,1,1
U0463,1,1,1,0,0,0
U0464,1,1,1,1,0,0
U0465,1,0,0,0,0,0
U0466,1,1,1,1,1,0
U0467,1,1,1,1,0,0
U0468,1,0,0,0,0,0
U0469,1,1,1,1,0,0
U0470,1,0,0,0,0,0
U0471,1,1,1,0,0,0
U0472,1,0,0,0,0,0
U0473,1,1,1,1,0,0
U0474,1,0,0,0,0,0
U0475,1,1,1,0,0,0
U0476,1,0,0,0,0,0
U0477,1,1,1,0,0,0
U0478,1,1,1,0,0,0
U0479,1,0,0,0,0,0
U0480,1,1,0,0,0,0
U0481,1,1,0,0,0,0
U0482,1,1,1,1,1,1
U0483,1,1,1,1,0,0
U0484,1,1,1,1,1,1
U0485,1,1,1,1,0,0
U0486,1,0,0,0,0,0
U0487,1,1,1,1,1,1
U0488,1,1,1,1,0,0
U0489,1,0,0,0,0,0
U0490,1,0,0,0,0,0
U0491,1,1,1,1,0,0
U0492,1,1,1,1,0,0
U0493,1,1,1,0,0,0
U0494,1,1,1,0,0,0
U0495,1,1,1,1,1,0
U0496,1,1,1,1,0,0
U0497,1,1,0,0,0,0
U0498,1,1,0,0,0,0
U0499,1,0,0,0,0,0
U0500,1,0,0,0,0,0
U0501,1,1,1,1,0,0
U0502,1,1,1,1,1,0
U0503,1,1,1,0,0,0
U0504,1,1,0,0,0,0
U0505,1,1,1,0,0,0
U0506,1,1,0,0,0,0
U0507,1,0,0,0,0,0
U0508,1,1,1,0,0,0
U0509,1,0,0,0,0,0
U0510,1,1,0,0,0,0
U0511,1,1,1,0,0,0
U0512,1,1,1,0,0,0
U0513,1,0,0,0,0,0
U0514,1,0,0,0,0,0
U0515,1,1,1,1,1,0
U0516,1,1,1,0,0,0
U0517,1,1,1,1,1,1
U0518,1,1,1,0,0,0
U0519,1,0,0,0,0,0
U0520,1,1,1,0,0,0
U0521,1,1,1,1,1,1
U0522,1,1,1,1,1,0
U0523,1,0,0,0,0,0
U0524,1,0,0,0,0,0
U0525,1,1,0,0,0,0
U0526,1,1,1,1,1,1
U0527,1,1,1,1,1,0
U0528,1,1,1,0,0,0
U0529,1,1,1,0,0,0
U0530,1,0,0,0,0,0
U0531,1,1,1,1,1,1
U0532,1,0,0,0,0,0
U0533,1,0,0,0,0,0
U0534,1,1,1,0,0,0
U0535,1,1,1,1,1,1
U0536,1,0,0,0,0,0
U0537,1,0,0,0,0,0
U0538,1,1,1,1,1,0
U0539,1,1,1,1,0,0
U0540,1,1,0,0,0,0
U0541,1,0,0,0,0,0
U0542,1,1,1,0,0,0
U0543,1,1,1,1,0,0
U0544,1,1,1,0,0,0
U0545,1,1,1,0,0,0
U0546,1,1,1,1,0,0
U0547,1,1,1,1,0,0
U0548,1,1,1,1,0,0
U0549,1,1,1,1,0,0
U0550,1,1,1,0,0,0
U0551,1,1,1,0,0,0
U0552,1,0,0,0,0,0
U0553,1,1,1,1,0,0
U0554,1,1,1,1,0,0
U0555,1,0,0,0,0,0
U0556,1,1,1,1,1,0
U0557,1,1,1,0,0,0
U0558,1,1,1,0,0,0
U0559,1,1,0,0,0,0
U0560,1,1,1,1,0,0
U0561,1,1,1,0,0,0
U0562,1,1,1,1,0,0
U0563,1,1,0,0,0,0
U0564,1,1,1,0,0,0
U0565,1,1,1,0,0,0
U0566,1,1,1,1,0,0
U0567,1,1,1,1,1,0
U0568,1,1,1,1,1,1
U0569,1,0,0,0,0,0
U0570,1,1,1,1,0,0
U0571,1,1,1,1,0,0
U0572,1,1,1,1,0,0
U0573,1,1,0,0,0,0
U0574,1,1,1,0,0,0
U0575,1,0,0,0,0,0
U0576,1,0,0,0,0,0
U0577,1,1,0,0,0,0
U0578,1,0,0,0,0,0
U0579,1,1,0,0,0,0
U0580,1,1,1,0,0,0
U0581,1,1,1,0,0,0
U0582,1,0,0,0,0,0
U0583,1,1,0,0,0,0
U0584,1,1,1,0,0,0
U0585,1,1,1,0,0,0
U0586,1,1,1,0,0,0
U0587,1,1,1,1,0,0
U0588,1,1,1,1,0,0
U0589,1,1,0,0,0,0
U0590,1,1,0,0,0,0
U0591,1,1,1,0,0,0
U0592,1,1,1,1,0,0
U0593,1,1,1,1,0,0
U0594,1,1,1,1,1,1
U0595,1,0,0,0,0,0
U0596,1,1,1,0,0,0
U0597,1,1,1,0,0,0
U0598,1,1,0,0,0,0
U0599,1,1,1,0,0,0
U0600,1,1,1,1,0,0
U0601,1,1,1,0,0,0
U0602,1,1,1,1,1,1
U0603,1,1,1,1,1,0
U0604,1,1,1,0,0,0
U0605,1,1,1,0,0,0
U0606,1,1,0,0,0,0
U0607,1,1,1,0,0,0
U0608,1,1,1,1,0,0
U0609,1,1,1,1,0,0
U0610,1,1,1,1,1,0
U0611,1,1,1,1,1,0
U0612,1,1,1,1,0,0
U0613,1,1,1,1,1,1
U0614,1,1,0,0,0,0
U0615,1,0,0,0,0,0
U0616,1,0,0,0,0,0
U0617,1,1,0,0,0,0
U0618,1,1,1,1,1,1
U0619,1,1,1,0,0,0
U0620,1,1,1,1,1,1
U0621,1,1,1,1,0,0
U0622,1,1,1,1,1,0
U0623,1,1,1,1,0,0
U0624,1,1,1,1,1,1
U0625,1,1,1,0,0,0
U0626,1,1,1,0,0,0
U0627,1,1,1,0,0,0
U0628,1,1,1,0,0,0
U0629,1,1,1,1,1,0
U0630,1,1,1,1,0,0
U0631,1,1,0,0,0,0
U0632,1,0,0,0,0,0
U0633,1,1,1,1,0,0
U0634,1,1,1,1,0,0
U0635,1,1,1,1,1,1
U0636,1,1,0,0,0,0
U0637,1,1,0,0,0,0
U0638,1,1,1,0,0,0
U0639,1,1,1,1,0,0
U0640,1,1,1,0,0,0
U0641,1,1,0,0,0,0
U0642,1,1,1,1,1,0
U0643,1,1,1,1,1,0
U0644,1,1,1,1,1,0
U0645,1,1,1,0,0,0
U0646,1,0,0,0,0,0
U0647,1,1,1,1,1,1
U0648,1,1,1,1,0,0
U0649,1,1,1,0,0,0
U0650,1,1,1,1,0,0
U0651,1,1,1,1,1,0
U0652,1,1,1,0,0,0
U0653,1,1,1,0,0,0
U0654,1,1,1,0,0,0
U0655,1,1,1,0,0,0
U0656,1,1,1,0,0,0
U0657,1,1,1,1,0,0
U0658,1,1,1,0,0,0
U0659,1,1,1,1,0,0
U0660,1,1,0,0,0,0
U0661,1,1,1,1,1,0
U0662,1,0,0,0,0,0
U0663,1,1,1,1,0,0
U0664,1,1,1,1,1,1
U0665,1,1,1,1,1,1
U0666,1,1,1,1,1,0
U0667,1,1,1,0,0,0
U0668,1,1,1,0,0,0
U0669,1,1,1,1,0,0
U0670,1,1,1,1,0,0
U0671,1,1,1,1,0,0
U0672,1,0,0,0,0,0
U0673,1,1,1,1,1,0
U0674,1,1,1,0,0,0
U0675,1,1,1,1,0,0
U0676,1,0,0,0,0,0
U0677,1,1,1,1,0,0
U0678,1,1,1,1,0,0
U0679,1,0,0,0,0,0
U0680,1,0,0,0,0,0
U0681,1,1,1,1,1,1
U0682,1,1,1,1,1,0
U0683,1,1,1,1,0,0
U0684,1,1,1,1,0,0
U0685,1,0,0,0,0,0
U0686,1,1,1,0,0,0
U0687,1,1,0,0,0,0
U0688,1,1,1,0,0,0
U0689,1,1,1,1,1,0
U0690,1,1,1,1,1,0
U0691,1,1,1,1,0,0
U0692,1,1,1,0,0,0
U0693,1,1,1,0,0,0
U0694,1,1,1,1,1,0
U0695,1,1,1,1,1,0
U0696,1,1,0,0,0,0
U0697,1,1,1,0,0,0
U0698,1,1,1,0,0,0
U0699,1,1,1,1,1,1
U0700,1,1,0,0,0,0
U0701,1,1,1,0,0,0
U0702,1,1,1,1,0,0
U0703,1,1,0,0,0,0
U0704,1,1,0,0,0,0
U0705,1,1,1,0,0,0
U0706,1,0,0,0,0,0
U0707,1,1,1,1,1,1
U0708,1,1,1,0,0,0
U0709,1,1,1,1,0,0
U0710,1,1,1,1,1,1
U0711,1,1,1,1,0,0
U0712,1,1,1,1,0,0
U0713,1,1,1,0,0,0
U0714,1,1,1,1,0,0
U0715,1,1,1,1,0,0
U0716,1,0,0,0,0,0
U0717,1,1,1,0,0,0
U0718,1,0,0,0,0,0
U0719,1,1,1,1,0,0
U0720,1,1,1,1,1,0
U0721,1,0,0,0,0,0
U0722,1,1,1,1,1,1
U0723,1,1,1,0,0,0
U0724,1,1,1,0,0,0
U0725,1,1,1,0,0,0
U0726,1,0,0,0,0,0
U0727,1,1,0,0,0,0
U0728,1,1,1,0,0,0
U0729,1,1,1,1,1,0
U0730,1,1,1,1,1,1
U0731,1,1,1,0,0,0
U0732,1,1,1,0,0,0
U0733,1,1,1,1,1,0
U0734,1,1,1,1,0,0
U0735,1,1,1,1,1,0
U0736,1,0,0,0,0,0
U0737,1,1,0,0,0,0
U0738,1,1,1,1,1,1
U0739,1,1,1,1,0,0
U0740,1,1,1,0,0,0
U0741,1,1,1,1,0,0
U0742,1,1,0,0,0,0
U0743,1,1,1,0,0,0
U0744,1,1,1,1,1,0
U0745,1,1,0,0,0,0
U0746,1,0,0,0,0,0
U0747,1,1,0,0,0,0
U0748,1,1,1,0,0,0
U0749,1,0,0,0,0,0
U0750,1,1,1,0,0,0
U0751,1,1,1,0,0,0
U0752,1,0,0,0,0,0
U0753,1,1,1,1,1,1
U0754,1,1,1,1,0,0
U0755,1,1,1,1,1,1
U0756,1,1,1,1,1,0
U0757,1,1,1,1,1,1
U0758,1,1,0,0,0,0
U0759,1,0,0,0,0,0
U0760,1,1,1,0,0,0
U0761,1,1,1,0,0,0
U0762,1,1,1,1,1,1
U0763,1,1,1,1,1,0
U0764,1,1,1,0,0,0
U0765,1,1,0,0,0,0
U0766,1,1,1,1,0,0
U0767,1,1,1,0,0,0
U0768,1,0,0,0,0,0
U0769,1,1,0,0,0,0
U0770,1,1,1,1,0,0
U0771,1,1,1,0,0,0
U0772,1,0,0,0,0,0
U0773,1,1,1,0,0,0
U0774,1,1,1,0,0,0
U0775,1,1,1,0,0,0
U0776,1,1,1,1,0,0
U0777,1,1,1,1,1,1
U0778,1,1,0,0,0,0
U0779,1,1,0,0,0,0
U0780,1,1,1,0,0,0
U0781,1,1,1,1,1,1
U0782,1,1,1,1,0,0
U0783,1,1,1,0,0,0
U0784,1,1,1,0,0,0
U0785,1,1,1,0,0,0
U0786,1,0,0,0,0,0
U0787,1,1,0,0,0,0
U0788,1,1,1,0,0,0
U0789,1,1,1,0,0,0
U0790,1,0,0,0,0,0
U0791,1,1,1,0,0,0
U0792,1,1,1,1,1,1
U0793,1,1,1,1,1,0
U0794,1,1,1,0,0,0
U0795,1,1,1,1,0,0
U0796,1,0,0,0,0,0
U0797,1,0,0,0,0,0
U0798,1,1,0,0,0,0
U0799,1,1,0,0,0,0
U0800,1,0,0,0,0,0
U0801,1,1,1,0,0,0
U0802,1,1,1,1,0,0
U0803,1,1,0,0,0,0
U0804,1,1,1,1,0,0
U0805,1,1,1,0,0,0
U0806,1,1,1,1,1,1
U0807,1,0,0,0,0,0
U0808,1,0,0,0,0,0
U0809,1,1,1,0,0,0
U0810,1,1,1,1,1,1
U0811,1,0,0,0,0,0
U0812,1,1,1,1,1,1
U0813,1,1,0,0,0,0
U0814,1,0,0,0,0,0
U0815,1,0,0,0,0,0
U0816,1,1,0,0,0,0
U0817,1,1,1,1,1,1
U0818,1,1,1,0,0,0
U0819,1,1,1,1,1,1
U0820,1,1,1,0,0,0
U0821,1,1,1,1,1,1
U0822,1,1,1,0,0,0
U0823,1,1,1,0,0,0
U0824,1,1,1,0,0,0
U0825,1,1,0,0,0,0
U0826,1,0,0,0,0,0
U0827,1,1,1,1,0,0
U0828,1,1,1,0,0,0
U0829,1,1,1,1,1,1
U0830,1,1,1,1,1,0
U0831,1,1,0,0,0,0
U0832,1,1,0,0,0,0
U0833,1,1,1,1,0,0
U0834,1,1,0,0,0,0
U0835,1,1,1,1,0,0
U0836,1,1,1,0,0,0
U0837,1,0,0,0,0,0
U0838,1,1,0,0,0,0
U0839,1,1,1,1,0,0
U0840,1,1,1,0,0,0
U0841,1,1,1,0,0,0
U0842,1,1,1,1,1,1
U0843,1,1,1,0,0,0
U0844,1,0,0,0,0,0
U0845,1,1,0,0,0,0
U0846,1,1,1,0,0,0
U0847,1,1,0,0,0,0
U0848,1,0,0,0,0,0
U0849,1,1,0,0,0,0
U0850,1,1,1,1,1,0
U0851,1,1,1,0,0,0
U0852,1,1,1,1,1,0
U0853,1,1,0,0,0,0
U0854,1,0,0,0,0,0
U0855,1,1,1,0,0,0
U0856,1,1,1,0,0,0
U0857,1,1,1,1,1,1
U0858,1,1,1,1,0,0
U0859,1,1,1,1,0,0
U0860,1,1,0,0,0,0
U0861,1,1,1,1,1,1
U0862,1,1,1,1,1,0
U0863,1,1,1,0,0,0
U0864,1,1,0,0,0,0
U0865,1,1,0,0,0,0
U0866,1,1,1,0,0,0
U0867,1,1,1,1,0,0
U0868,1,1,1,1,1,1
U0869,1,0,0,0,0,0
U0870,1,0,0,0,0,0
U0871,1,1,1,0,0,0
U0872,1,1,1,1,1,0
U0873,1,1,1,0,0,0
U0874,1,1,0,0,0,0
U0875,1,1,1,0,0,0
U0876,1,1,1,0,0,0
U0877,1,1,1,0,0,0
U0878,1,1,0,0,0,0
U0879,1,1,1,0,0,0
U0880,1,1,1,0,0,0
U0881,1,1,1,0,0,0
U0882,1,1,1,1,1,1
U0883,1,1,1,0,0,0
U0884,1,1,1,1,0,0
U0885,1,1,1,1,0,0
U0886,1,1,1,0,0,0
U0887,1,1,1,0,0,0
U0888,1,1,0,0,0,0
U0889,1,1,1,1,1,1
U0890,1,1,0,0,0,0
U0891,1,1,1,1,0,0
U0892,1,0,0,0,0,0
U0893,1,1,1,0,0,0
U0894,1,1,1,0,0,0
U0895,1,1,1,0,0,0
U0896,1,1,1,0,0,0
U0897,1,1,1,0,0,0
U0898,1,0,0,0,0,0
U0899,1,1,1,1,1,0
U0900,1,1,0,0,0,0
U0901,1,1,1,0,0,0
U0902,1,1,1,1,0,0
U0903,1,1,1,0,0,0
U0904,1,1,1,1,0,0
U0905,1,1,1,1,1,0
U0906,1,0,0,0,0,0
U0907,1,1,1,0,0,0
U0908,1,1,1,0,0,0
U0909,1,1,1,1,0,0
U0910,1,1,0,0,0,0
U0911,1,1,0,0,0,0
U0912,1,1,1,0,0,0
U0913,1,1,1,1,1,1
U0914,1,1,1,0,0,0
U0915,1,1,1,1,0,0
U0916,1,1,0,0,0,0
U0917,1,1,1,0,0,0
U0918,1,0,0,0,0,0
U0919,1,1,1,1,0,0
U0920,1,1,1,0,0,0
U0921,1,0,0,0,0,0
U0922,1,1,0,0,0,0
U0923,1,0,0,0,0,0
U0924,1,1,1,0,0,0
U0925,1,1,0,0,0,0
U0926,1,1,1,1,0,0
U0927,1,1,1,1,1,0
U0928,1,1,1,1,1,1
U0929,1,1,1,1,0,0
U0930,1,1,0,0,0,0
U0931,1,1,1,1,0,0
U0932,1,1,0,0,0,0
U0933,1,0,0,0,0,0
U0934,1,1,0,0,0,0
U0935,1,1,1,1,1,1
U0936,1,1,0,0,0,0
U0937,1,1,1,1,1,0
U0938,1,0,0,0,0,0
U0939,1,1,1,1,1,1
U0940,1,1,1,0,0,0
U0941,1,1,0,0,0,0
U0942,1,1,1,0,0,0
U0943,1,1,0,0,0,0
U0944,1,1,1,1,0,0
U0945,1,1,1,0,0,0
U0946,1,1,1,0,0,0
U0947,1,1,1,1,0,0
U0948,1,0,0,0,0,0
U0949,1,0,0,0,0,0
U0950,1,1,1,0,0,0
U0951,1,1,1,0,0,0
U0952,1,1,1,1,0,0
U0953,1,1,1,0,0,0
U0954,1,0,0,0,0,0
U0955,1,1,1,0,0,0
U0956,1,1,1,1,0,0
U0957,1,1,0,0,0,0
U0958,1,1,0,0,0,0
U0959,1,1,1,1,1,1
U0960,1,1,1,1,1,0
U0961,1,1,0,0,0,0
U0962,1,1,1,0,0,0
U0963,1,1,1,0,0,0
U0964,1,1,1,0,0,0
U0965,1,1,1,1,0,0
U0966,1,1,1,1,0,0
U0967,1,1,1,1,0,0
U0968,1,1,0,0,0,0
U0969,1,1,0,0,0,0
U0970,1,1,1,1,1,1
U0971,1,1,1,1,0,0
U0972,1,0,0,0,0,0
U0973,1,1,1,1,0,0
U0974,1,1,1,1,0,0
U0975,1,1,1,0,0,0
U0976,1,1,0,0,0,0
U0977,1,1,1,0,0,0
U0978,1,1,0,0,0,0
U0979,1,1,0,0,0,0
U0980,1,1,1,0,0,0
U0981,1,1,1,1,0,0
U0982,1,1,1,1,1,1
U0983,1,1,1,1,0,0
U0984,1,1,1,1,1,1
U0985,1,1,1,1,0,0
U0986,1,1,1,1,0,0
U0987,1,1,0,0,0,0
U0988,1,1,1,1,1,0
U0989,1,1,1,1,1,1
U0990,1,1,1,0,0,0
U0991,1,1,1,1,1,1
U0992,1,1,1,1,0,0
U0993,1,1,1,0,0,0
U0994,1,1,1,1,0,0
U0995,1,1,1,1,0,0
U0996,1,1,1,1,0,0
U0997,1,0,0,0,0,0
U0998,1,1,1,0,0,0
U0999,1,0,0,0,0,0
U1000,1,1,1,1,0,0
U1001,1,1,1,0,0,0
U1002,1,1,1,1,0,0
U1003,1,0,0,0,0,0
U1004,1,1,1,0,0,0
U1005,1,1,1,1,1,1
U1006,1,1,1,1,0,0
U1007,1,1,1,1,1,0
U1008,1,0,0,0,0,0
U1009,1,1,1,1,0,0
U1010,1,1,1,0,0,0
U1011,1,1,0,0,0,0
U1012,1,0,0,0,0,0
U1013,1,0,0,0,0,0
U1014,1,1,1,0,0,0
U1015,1,1,1,0,0,0
U1016,1,0,0,0,0,0
U1017,1,1,1,0,0,0
U1018,1,1,1,0,0,0
U1019,1,0,0,0,0,0
U1020,1,1,1,1,0,0
U1021,1,1,1,0,0,0
U1022,1,1,1,0,0,0
U1023,1,0,0,0,0,0
U1024,1,0,0,0,0,0
U1025,1,0,0,0,0,0
U1026,1,1,1,1,0,0
U1027,1,0,0,0,0,0
U1028,1,0,0,0,0,0
U1029,1,1,0,0,0,0
U1030,1,1,1,0,0,0
U1031,1,1,1,1,1,1
U1032,1,1,1,0,0,0
U1033,1,1,1,1,1,1
U1034,1,1,1,1,1,0
U1035,1,1,1,1,0,0
U1036,1,1,0,0,0,0
U1037,1,1,1,1,0,0
U1038,1,1,1,1,1,1
U1039,1,1,0,0,0,0
U1040,1,1,1,1,0,0
U1041,1,1,1,0,0,0
U1042,1,1,1,0,0,0
U1043,1,1,1,1,0,0
U1044,1,1,1,0,0,0
U1045,1,0,0,0,0,0
U1046,1,1,1,0,0,0
U1047,1,1,1,1,0,0
U1048,1,1,1,0,0,0
U1049,1,0,0,0,0,0
U1050,1,1,0,0,0,0
U1051,1,0,0,0,0,0
U1052,1,1,1,1,1,1
U1053,1,0,0,0,0,0
U1054,1,1,1,1,0,0
U1055,1,0,0,0,0,0
U1056,1,1,1,1,0,0
U1057,1,1,1,0,0,0
U1058,1,1,1,0,0,0
U1059,1,1,1,0,0,0
U1060,1,1,1,1,1,1
U1061,1,0,0,0,0,0
U1062,1,0,0,0,0,0
U1063,1,1,1,1,0,0
U1064,1,1,1,1,0,0
U1065,1,1,1,0,0,0
U1066,1,1,1,0,0,0
U1067,1,1,1,0,0,0
U1068,1,1,1,1,0,0
U1069,1,1,0,0,0,0
U1070,1,1,1,1,0,0
U1071,1,1,1,1,0,0
U1072,1,1,1,0,0,0
U1073,1,1,1,1,0,0
U1074,1,1,1,1,0,0
U1075,1,0,0,0,0,0
U1076,1,1,0,0,0,0
U1077,1,1,1,0,0,0
U1078,1,1,0,0,0,0
U1079,1,1,1,0,0,0
U1080,1,0,0,0,0,0
U1081,1,1,0,0,0,0
U1082,1,1,1,1,1,0
U1083,1,1,1,1,1,0
U1084,1,0,0,0,0,0
U1085,1,0,0,0,0,0
U1086,1,1,1,1,0,0
U1087,1,1,1,1,0,0
U1088,1,1,1,1,1,0
U1089,1,0,0,0,0,0
U1090,1,1,1,0,0,0
U1091,1,0,0,0,0,0
U1092,1,1,1,1,0,0
U1093,1,1,1,0,0,0
U1094,1,1,1,1,1,0
U1095,1,1,1,1,1,1
U1096,1,1,0,0,0,0
U1097,1,1,1,0,0,0
U1098,1,1,1,0,0,0
U1099,1,1,1,0,0,0
U1100,1,1,1,1,0,0
U1101,1,1,1,0,0,0
U1102,1,0,0,0,0,0
U1103,1,0,0,0,0,0
U1104,1,0,0,0,0,0
U1105,1,0,0,0,0,0
U1106,1,1,0,0,0,0
U1107,1,1,0,0,0,0
U1108,1,1,1,0,0,0
U1109,1,1,1,1,1,1
U1110,1,1,1,1,1,1
U1111,1,1,1,1,1,0
U1112,1,1,1,1,1,0
U1113,1,1,1,0,0,0
U1114,1,1,1,1,0,0
U1115,1,1,1,0,0,0
U1116,1,1,1,1,0,0
U1117,1,1,1,1,1,0
U1118,1,0,0,0,0,0
U1119,1,1,0,0,0,0
U1120,1,1,1,1,1,1
U1121,1,0,0,0,0,0
U1122,1,0,0,0,0,0
U1123,1,0,0,0,0,0
U1124,1,1,1,1,0,0
U1125,1,1,1,1,0,0
U1126,1,1,1,1,1,1
U1127,1,1,1,0,0,0
U1128,1,1,1,1,1,0
U1129,1,1,1,0,0,0
U1130,1,1,1,1,1,1
U1131,1,1,1,0,0,0
U1132,1,1,1,1,1,0
U1133,1,1,0,0,0,0
U1134,1,1,1,0,0,0
U1135,1,1,1,0,0,0
U1136,1,1,1,1,1,0
U1137,1,0,0,0,0,0
U1138,1,1,1,1,0,0
U1139,1,1,1,0,0,0
U1140,1,1,0,0,0,0
U1141,1,1,1,0,0,0
U1142,1,1,1,1,0,0
U1143,1,1,1,1,0,0
U1144,1,1,1,1,1,0
U1145,1,1,1,0,0,0
U1146,1,0,0,0,0,0
U1147,1,1,1,0,0,0
U1148,1,1,1,1,0,0
U1149,1,0,0,0,0,0
U1150,1,0,0,0,0,0
U1151,1,1,1,1,0,0
U1152,1,1,0,0,0,0
U1153,1,1,1,0,0,0
U1154,1,1,0,0,0,0
U1155,1,1,1,0,0,0
U1156,1,1,0,0,0,0
U1157,1,1,0,0,0,0
U1158,1,0,0,0,0,0
U1159,1,0,0,0,0,0
U1160,1,1,1,0,0,0
U1161,1,1,1,0,0,0
U1162,1,1,1,0,0,0
U1163,1,1,1,0,0,0
U1164,1,1,1,1,1,1
U1165,1,1,1,1,0,0
U1166,1,1,1,1,1,0
U1167,1,1,1,1,0,0
U1168,1,1,0,0,0,0
U1169,1,1,1,1,0,0
U1170,1,1,1,0,0,0
U1171,1,1,1,0,0,0
U1172,1,0,0,0,0,0
U1173,1,1,1,1,0,0
U1174,1,1,1,0,0,0
U1175,1,1,1,1,1,0
U1176,1,1,0,0,0,0
U1177,1,1,1,1,1,0
U1178,1,1,1,0,0,0
U1179,1,1,1,1,1,0
U1180,1,1,1,0,0,0
U1181,1,0,0,0,0,0
U1182,1,1,1,1,0,0
U1183,1,1,1,1,0,0
U1184,1,0,0,0,0,0
U1185,1,1,0,0,0,0
U1186,1,0,0,0,0,0
U1187,1,1,1,0,0,0
U1188,1,1,1,0,0,0
U1189,1,1,1,0,0,0
U1190,1,1,1,0,0,0
U1191,1,1,1,0,0,0
U1192,1,1,1,1,1,0
U1193,1,1,1,1,1,1
U1194,1,1,1,1,0,0
U1195,1,1,1,0,0,0
U1196,1,0,0,0,0,0
U1197,1,0,0,0,0,0
U1198,1,0,0,0,0,0
U1199,1,1,1,0,0,0
U1200,1,1,0,0,0,0
U1201,1,1,1,1,1,1
U1202,1,1,1,0,0,0
U1203,1,1,1,1,0,0
U1204,1,1,1,1,1,1
U1205,1,1,1,1,1,1
U1206,1,1,0,0,0,0
U1207,1,1,0,0,0,0
U1208,1,1,1,0,0,0
U1209,1,1,1,1,1,0
U1210,1,0,0,0,0,0
U1211,1,1,1,1,1,1
U1212,1,1,0,0,0,0
U1213,1,1,1,1,1,0
U1214,1,1,1,1,1,0
U1215,1,1,1,0,0,0
U1216,1,1,1,1,1,0
U1217,1,1,1,1,1,0
U1218,1,1,1,1,1,0
U1219,1,1,1,1,0,0
U1220,1,1,1,0,0,0
U1221,1,0,0,0,0,0
U1222,1,1,0,0,0,0
U1223,1,1,0,0,0,0
U1224,1,0,0,0,0,0
U1225,1,1,0,0,0,0
U1226,1,1,1,0,0,0
U1227,1,1,1,0,0,0
U1228,1,1,0,0,0,0
U1229,1,0,0,0,0,0
U1230,1,1,1,1,0,0
U1231,1,0,0,0,0,0
U1232,1,1,1,0,0,0
U1233,1,1,0,0,0,0
U1234,1,1,0,0,0,0
U1235,1,1,1,0,0,0
U1236,1,1,0,0,0,0
U1237,1,0,0,0,0,0
U1238,1,1,1,0,0,0
U1239,1,0,0,0,0,0
U1240,1,1,0,0,0,0
U1241,1,0,0,0,0,0
U1242,1,1,1,0,0,0
U1243,1,1,1,1,1,1
U1244,1,0,0,0,0,0
U1245,1,1,1,1,0,0
U1246,1,1,1,1,0,0
U1247,1,1,1,1,1,1
U1248,1,1,1,0,0,0
U1249,1,0,0,0,0,0
U1250,1,1,1,0,0,0
U1251,1,1,1,0,0,0
U1252,1,1,0,0,0,0
U1253,1,1,1,1,0,0
U1254,1,1,0,0,0,0
U1255,1,1,1,1,1,0
U1256,1,1,0,0,0,0
U1257,1,1,1,1,0,0
U1258,1,1,1,1,0,0
U1259,1,1,1,0,0,0
U1260,1,1,0,0,0,0
U1261,1,1,1,1,1,0
U1262,1,1,1,0,0,0
U1263,1,1,1,1,0,0
U1264,1,1,1,0,0,0
U1265,1,1,1,1,1,1
U1266,1,1,1,0,0,0
U1267,1,1,0,0,0,0
U1268,1,1,1,1,0,0
U1269,1,1,1,1,1,0
U1270,1,1,1,1,0,0
U1271,1,1,1,0,0,0
U1272,1,0,0,0,0,0
U1273,1,1,1,1,0,0
U1274,1,1,1,1,1,0
U1275,1,1,1,1,1,0
U1276,1,1,1,1,0,0
